Michael Reeves,https://youtube.com/@michaelreeves,Comedy
Danny Duncan,https://youtube.com/@danny,Comedy
mrnigelng,https://youtube.com/@mrnigelng,Comedy
Vsauce,https://www.youtube.com/@Vsauce,Education
Eddie Woo,https://www.youtube.com/@misterwootube,Education
Abdul Bari,https://www.youtube.com/@abdul_bari,Education
Beast Reacts,https://youtube.com/@beastreacts,Entertainment
FaZe Rug,https://youtube.com/@rug,Entertainment
Preston,https://youtube.com/@prestonyt,Entertainment
Jack Payne,https://youtube.com/@jackpayne,Film and Animation
Andymation,https://youtube.com/@andymation,Film and Animation
ONE Media,https://youtube.com/@onemedia.,Film and Animation
TooBizz,https://youtube.com/@toobizz,Film and Animation
rusplaying,https://youtube.com/@rusplaying,Film and Animation
MineCZ,https://youtube.com/@minecz,Film and Animation
Pea Pea,https://www.youtube.com/@peapeachannel,Film and Animation
BriannaPlayz,https://youtube.com/@briannaplayz,Gaming
SwaggerSouls,https://youtube.com/@swaggersouls,Gaming
Pencilmation Live,https://youtube.com/@official_pencilmationlive,Gaming
TimTheTatman,https://youtube.com/@timthetatman,Gaming
Meg DeAngelis,https://youtube.com/@maybabytumbler,Howto & Style
Hyram,https://youtube.com/@hyram,Howto & Style
Dax,https://youtube.com/@thatsdax,Music
Lil Durk,https://youtube.com/@lildurk,Music
ASAPROCKYUPTOWN,https://youtube.com/@asaprockyuptown,Music
Austin Mahone,https://youtube.com/@austinmahone,Music
Johnny Orlando,https://youtube.com/@johnnyorlando,Music
Ne-Yo,https://youtube.com/@neyo,Music
Trey Songz,https://youtube.com/@treysongz,Music
YG,https://youtube.com/yg,Music
Dr. John Campbell,https://www.youtube.com/@Campbellteaching,News & Politics
Peter Schiff,https://www.youtube.com/@peterschiff,News & Politics
Video Game News,https://www.youtube.com/@VideoGameNews,News & Politics
The Wire,https://www.youtube.com/@TheWireNews,News & Politics
Forbes Breaking News,https://www.youtube.com/@ForbesBreakingNews,News & Politics
OfflineTV,https://www.youtube.com/@OfflineTV,News & Politics
Arnold Schwarzenegger,https://www.youtube.com/@ArnoldSchwarzenegger,Nonprofits & Activism
i'm cyborg but that's ok,https://www.youtube.com/@imcyborgbutthatsok,Nonprofits & Activism
New Wine,https://www.youtube.com/@officialnewwine,Nonprofits & Activism
Pastor Greg Laurie,https://www.youtube.com/@greglaurie,Nonprofits & Activism
gatewaychurchtv,https://www.youtube.com/@gatewaychurchtv,Nonprofits & Activism
David Dobrik,https://www.youtube.com/@DavidDobrik,People & Blogs
Beast Phyilanthropy,https://www.youtube.com/@BeastPhilanthropy,People & Blogs
Casey Neistat,https://www.youtube.com/@casey,People & Blogs
Animal Channel,https://www.youtube.com/@animal_channel,Pets & Animals
Animal Planet,https://www.youtube.com/@animalplanet,Pets & Animals
Fish4Ever,https://www.youtube.com/@Fish4Ever,Pets & Animals
River Monsters,https://www.youtube.com/@rivermonsters,Pets & Animals
Jackson Galaxy,https://www.youtube.com/@JacksonGalaxy,Pets & Animals
Unusual Cooking,https://www.youtube.com/@UnusualCooking,Pets & Animals
Rottweiler Life,https://www.youtube.com/@Rottweilerlife,Pets & Animals
Fluff Planet,https://www.youtube.com/@FluffPlanet,Pets & Animals
Joe Scott,https://www.youtube.com/@joescott,Science & Technology
Noel Deyzel,https://www.youtube.com/@NoelDeyzel,Sports
STREETBEEFS,https://www.youtube.com/@STREETBEEFSUNRELEASED,Sports
Master Wong,https://www.youtube.com/@master-wong,Sports
GYM JONG KOOK,https://www.youtube.com/@GYMJONGKOOK,Sports
Larry Wheels,https://www.youtube.com/@LarryWheels,Sports
William Li,https://www.youtube.com/@William_Li,Sports
Peter Santenello,https://www.youtube.com/@PeterSantenello,Travel & Events