Ben Azelart,https://www.youtube.com/channel/UCwVg9btOceLQuNCdoQk9CXg
Alan Chikin Chow,https://www.youtube.com/@AlanChikinChow
MrBeast,https://www.youtube.com/@MrBeast
PewDiePie ,https://www.youtube.com/@PewDiePie
WWE,https://www.youtube.com/@WWE/videos
Dude Perfect,https://www.youtube.com/@dudeperfect
Shakira ,https://www.youtube.com/@Shakira
XXXTENTACION,https://www.youtube.com/@xxxtentacion
TheEllenShow ,https://www.youtube.com/@TheEllenShow
TEDx Talks,https://www.youtube.com/@TEDx
Markiplier,https://www.youtube.com/@markiplier
SSSniperWolf,https://www.youtube.com/@SSSniperWolf
MrBeast Gaming,https://www.youtube.com/@MrBeastGaming
Dream,https://www.youtube.com/@dream
jacksepticeye,https://www.youtube.com/@jacksepticeye
The Late Late Show with James Corden,https://www.youtube.com/@TheLateLateShow
Drake,https://www.youtube.com/@DrakeOfficial
DanTDM,https://www.youtube.com/@DanTDM
Brent Rivera,https://www.youtube.com/@brentrivera
VanossGaming,https://www.youtube.com/@VanossGaming
ZHC,https://www.youtube.com/@ZHCYT
Smosh,https://www.youtube.com/@smosh
WatchMojo.com,https://www.youtube.com/@WatchMojo
LankyBox,https://www.youtube.com/@LankyBox
JJ Olatunji ,https://www.youtube.com/@jjolatunji
Tripolar Bear,https://www.youtube.com/@TripolarBear
39daph,https://www.youtube.com/@39daph
A Life Engineered ,https://www.youtube.com/@ALifeEngineered
aceu,https://www.youtube.com/@aceu
Adam Ragusea ,https://www.youtube.com/@aragusea
Andrew Huberman,https://www.youtube.com/@hubermanlab
ATHLEAN-X™,https://www.youtube.com/@athleanx
Ben Felix,https://www.youtube.com/@BenFelixCSI
Bjergsen,https://www.youtube.com/@BjergsenLoL
Bob & Brad,https://www.youtube.com/@BobandBrad
CalebCity,https://www.youtube.com/@CalebCity
Chef Jean-Pierre,https://www.youtube.com/@ChefJeanPierre
Code Bullet,https://www.youtube.com/@CodeBullet
colinfurze,https://www.youtube.com/@colinfurze
Daniel Thrasher,https://www.youtube.com/@danielthrasher
Dave MacLeod,https://www.youtube.com/@climbermacleod
Disguised Boss,https://www.youtube.com/@DisguisedToast
DongHuaP,https://www.youtube.com/@DongHuaPan
EckhartsLadder,https://www.youtube.com/@EckhartsLadder
Ethan Chlebowski,https://www.youtube.com/@EthanChlebowski
EthosLab,https://www.youtube.com/@EthosLab
Frugal Aesthetic,https://www.youtube.com/@FrugalAesthetic
GMHikaru,https://www.youtube.com/@GMHikaru
HealthyGamerGG,https://www.youtube.com/@HealthyGamerGG
Imaqtpie,https://www.youtube.com/@imaqtpie
JayzTwoCents,https://www.youtube.com/@Jayztwocents
Josh Cortis,https://www.youtube.com/@TheMealPrepManual
Joshua Weissman,https://www.youtube.com/@JoshuaWeissman
jschlattLIVE,https://www.youtube.com/@jschlattLIVE
Justin Sung,https://www.youtube.com/@JustinSung
Kurzgesagt – In a Nutshell,https://www.youtube.com/@kurzgesagt
Linus Tech Tips,https://www.youtube.com/@LinusTechTips
ShortCircuit,https://www.youtube.com/@ShortCircuit
Techquickie,https://www.youtube.com/@techquickie
Channel Super Fun,https://www.youtube.com/@ChannelSuperFun
J. Kenji López-Alt,https://www.youtube.com/@JKenjiLopezAlt
Ludwig,https://www.youtube.com/@ludwig
Majorkill ,https://www.youtube.com/@majorkill
Movement for Climbers,https://www.youtube.com/@movementforclimbers
NileRed,https://www.youtube.com/@NileRed
Northernlion,https://www.youtube.com/@Northernlion
Not Albino,https://www.youtube.com/@NotAlbino
OfflineTV,https://www.youtube.com/@OfflineTV
penguinz0,https://www.youtube.com/@penguinz0
PolyMatter,https://www.youtube.com/@PolyMatter
Powliner,https://www.youtube.com/@Powliner
Project Incursus Gaming,https://www.youtube.com/@Incursus
ProZD,https://www.youtube.com/@ProZD
Redshell,https://www.youtube.com/@redshell907
Scarce,https://www.youtube.com/@Scarce
Sinvicta,https://www.youtube.com/@Sinvicta
SoloRenektonOnly,https://www.youtube.com/@SoloRenektonOnly
Spear Shot,https://www.youtube.com/@SpearShot
Sr Pelo,https://www.youtube.com/@SrPelo
SsethTzeentach,https://www.youtube.com/@SsethTzeentach
styropyro,https://www.youtube.com/@styropyro
Subject Zero Science ,https://www.youtube.com/@SubjectZeroScience
Taxi2g,https://www.youtube.com/@Taxi2g
The Plain Bagel ,https://www.youtube.com/@ThePlainBagel
The Urban Rescue Ranch,https://www.youtube.com/@TheUrbanRescueRanch
theRadBrad,https://www.youtube.com/@theRadBrad
VaatiVidya ,https://www.youtube.com/@VaatiVidya
videogamedunkey,https://www.youtube.com/@videogamedunkey
Virkayu,https://www.youtube.com/@virkayu
Wendover Productions,https://www.youtube.com/@Wendoverproductions
xQc,https://www.youtube.com/@xQcOW
You Suck At Cooking,https://www.youtube.com/@yousuckatcooking
Hacksmith Industries,https://www.youtube.com/@theHacksmith
Typical Gamer,https://www.youtube.com/@TypicalGamer
AzzyLand,https://www.youtube.com/@AzzyLand
Nick Pro,https://www.youtube.com/@NickPro
Manchurek Triplets,https://www.youtube.com/@manchurektriplets
Gloom,https://www.youtube.com/@Gloom
Domics,https://www.youtube.com/@Domics
Chris Ramsay,https://www.youtube.com/@ChrisRamsay52
Epic Meal Time,https://www.youtube.com/@epicmealtime
Jeenie.Weenie,https://www.youtube.com/@jeenie.weenie
Uncle Roger Shorts,https://www.youtube.com/@unclerogershorts
MoreAliA,https://www.youtube.com/@MoreAliA
Barrybee,https://www.youtube.com/@Barrybee
Morgz,https://www.youtube.com/@Morgz
Jeremy Lynch,https://www.youtube.com/@jeremylynch
Barrybee,https://www.youtube.com/@Barrybee
Numberblocks,https://www.youtube.com/@Numberblocks
Joker Pranks,https://www.youtube.com/@jokerpranks
Technical Kingdom,https://www.youtube.com/@Technicalkingdomofficial
TommyInnit,https://www.youtube.com/@TommyInnit
James Charles,https://www.youtube.com/@JamesCharles
Ninja,https://www.youtube.com/@Ninja
Mark Rober,https://www.youtube.com/@MarkRober
NichLmao,https://www.youtube.com/@NichLmao
Logan Paul,https://www.youtube.com/@loganpaulvlogs
Troom Troom,https://www.youtube.com/@TroomTroom
America's Got Talent,https://www.youtube.com/@AGT
Preston,https://www.youtube.com/@PrestonYT
Jelly,https://www.youtube.com/@Jelly
Beast Reacts,https://www.youtube.com/@BeastReacts
Diana and Roma EN,https://www.youtube.com/@TheElenaYa
Sesame Street,https://www.youtube.com/@SesameStreet
FaZe Rug,https://www.youtube.com/@rug
Dan Rhodes,https://www.youtube.com/@danrhodes
Maya and Mary,https://www.youtube.com/@MayaAndMary
TED,https://www.youtube.com/@TED
Smile Family,https://www.youtube.com/@smilefamily363
MrBeast 2,https://www.youtube.com/@MrBeast2
SSundee,https://www.youtube.com/@SSundee
FGTeeV,https://www.youtube.com/@fgteev
Vanie Mania Kids,https://www.youtube.com/@VaniaManiaKids
Alan Becker,https://www.youtube.com/@alanbecker
Daniel LaBelle,https://www.youtube.com/@DanielLaBelle
Nat Geo WILD,https://www.youtube.com/@NatGeoWild
Eva Bravo Play,https://www.youtube.com/@EvaBravoPlay
Tasty,https://www.youtube.com/@buzzfeedtasty
nigahiga,https://www.youtube.com/@ryanhiga
Village Cooking Channel,https://www.youtube.com/@VillageCookingChannel
Tsuriki Show,https://www.youtube.com/@TsurikiShow
Brave Wilderness,https://www.youtube.com/@BraveWilderness
The Royalty Family,https://www.youtube.com/@royaltyfam
LazarBeam,https://www.youtube.com/@LazarBeam
Jake Paul,https://www.youtube.com/@jakepaul
Family GamesTV,https://www.youtube.com/@familygamestv.
BuzzFeedVideo,https://www.youtube.com/@BuzzFeedVideo
Minecraft - Topic,https://www.youtube.com/channel/UCQvWX73GQygcwXOTSf_VDVg
NBA,https://www.youtube.com/@NBA
Ninja Kidz TV,https://www.youtube.com/@NinjaKidz
Autentic Games,https://www.youtube.com/@AuthenticGames
Marvel Entertainment,https://www.youtube.com/@marvel
REACT,https://www.youtube.com/@React
Stokes Twins,https://www.youtube.com/@StokesTwins
Got Talent Global,https://www.youtube.com/@gottalentglobal
SMOL,https://www.youtube.com/@SMOL_official
JennaMarbles,https://www.youtube.com/@JennaMarbles
Gordon Ramsay,https://www.youtube.com/@gordonramsay
Clash of Clans,https://www.youtube.com/@ClashOfClans
FIFA,https://www.youtube.com/@fifa
Jimmy Kimmel Live,https://www.youtube.com/@JimmyKimmelLive
Vsauce,https://www.youtube.com/@Vsauce
The ACE Family,https://www.youtube.com/@TheACEFamily
Ali-A,https://www.youtube.com/@alia
TED-Ed,https://www.youtube.com/@TEDEd
Sidemen,https://www.youtube.com/@Sidemen
Good Mythical Morning,https://www.youtube.com/@GoodMythicalMorning
Lele Pons,https://www.youtube.com/@LelePons
David Dobrik,https://www.youtube.com/@DavidDobrik
Liza Koshy,https://www.youtube.com/@lizakoshy
PopularMMOs,https://www.youtube.com/@PopularMMOs
The Game Theorists,https://www.youtube.com/@GameTheory
SMOL,https://www.youtube.com/@SMOL_official
Crafty Panda,https://www.youtube.com/@CraftyPanda
CookieSwirlC,https://www.youtube.com/@Cookieswirlc
shane,https://www.youtube.com/@shane
IGN,https://www.youtube.com/@IGN
Topper Guild,https://www.youtube.com/@topperguild
Zach Kind,https://www.youtube.com/@ZachKing
Jason Vlogs,https://www.youtube.com/@jasonvlogslife
Guava Juice,https://www.youtube.com/@GuavaJuice
Marques Brownlee,https://www.youtube.com/@mkbhd
VICE,https://www.youtube.com/@VICE
Aphmau,https://www.youtube.com/@Aphmau
IShowSpeed,https://www.youtube.com/@IShowSpeed
Matt Stonie,https://www.youtube.com/@mattstonie
Kids Play,https://www.youtube.com/@kidsplay
Jake Fellman,https://www.youtube.com/@JakeFellman
Technoblade,https://www.youtube.com/@Technoblade
LEGO,https://www.youtube.com/@LEGO
CoryxKenshin,https://www.youtube.com/@CoryxKenshin
jeffreestar,https://www.youtube.com/@jeffreestar
Vlad and Niki ARA,https://www.youtube.com/@vladandnikiarab
Jordan Matter,https://www.youtube.com/@jordanmatter
Super Senya,https://www.youtube.com/@Senya_Super
Unspeakable,https://www.youtube.com/@Unspeakable
Roman Atwood Vlogs,https://www.youtube.com/@romanatwoodvlogs
Daily Dose Of Internet,https://www.youtube.com/@DailyDoseOfInternet
Danny Fitt,https://www.youtube.com/@DannyFitt
Disney Junior,https://www.youtube.com/@disneyjunior
Mariale,https://www.youtube.com/@mariale
TheRichest,https://www.youtube.com/@Therichest
CNN,https://www.youtube.com/@CNN
It's Mamix,https://www.youtube.com/@ItsMamix
Kwebbelkop,https://www.youtube.com/@kwebbelkop
The Slow Mo Guys,https://www.youtube.com/@theslowmoguys
Fueled By Ramen,https://www.youtube.com/@fueledbyramen
Reaction Time,https://www.youtube.com/@reactiontime
CrashCourse,https://www.youtube.com/@crashcourse
CollegeHumor,https://www.youtube.com/@collegehumor
Rosanna Pansino,https://www.youtube.com/@RosannaPansino
Rclbeauty101,https://www.youtube.com/@rclbeauty101
PrestonPlayz,https://www.youtube.com/@PrestonPlayz
The Dodo,https://www.youtube.com/@TheDodo
penguinz0,https://www.youtube.com/@penguinz0
Vogue,https://www.youtube.com/@Vogue
People Vs Food,https://www.youtube.com/@PeopleVsFood
Ryan Trahan,https://www.youtube.com/@ryan
First We Feast,https://www.youtube.com/@FirstWeFeast
emma chamberlain,https://www.youtube.com/@emmachamberlain
The Film Theorists,https://www.youtube.com/@FilmTheory
CrazyRussianHacker,https://www.youtube.com/@CrazyRussianHacker
Flamingo,https://www.youtube.com/@flamingo
HISTORY,https://www.youtube.com/@HISTORY
ToysPlay,https://www.youtube.com/@toysplay
Inside Edition,https://www.youtube.com/@InsideEdition
Cut,https://www.youtube.com/@cut
Toys Make Me Smile,https://www.youtube.com/@toysmakemesmile
Annoying Orange,https://www.youtube.com/@AnnoyingOrange
Fortnite,https://www.youtube.com/@fortnite
Nas Daily,https://www.youtube.com/@NasDaily
Dobre Brothers,https://www.youtube.com/@dobrebrothers
CaptainSparklez,https://www.youtube.com/@CaptainSparklez
Sky Does Everything,https://www.youtube.com/@SkyDoesShorts
NASA,https://www.youtube.com/@NASA
Caylus,https://www.youtube.com/@Caylus
Adriana Show,https://www.youtube.com/@AliandAdriana
Warner Bros. Pictures,https://www.youtube.com/@WarnerBrosPictures
Miranda Sings,https://www.youtube.com/@mirandasings
Fox News,https://www.youtube.com/@FoxNews
MTV,https://www.youtube.com/@MTV
Doctor Mike,https://www.youtube.com/@DoctorMike
Patty Mayo,https://www.youtube.com/@PattymayoTv
Jesse,https://www.youtube.com/@Jesse
Blippi Toys,https://www.youtube.com/@BlippiToys
The Daily Show,https://www.youtube.com/@TheDailyShow
fouseyTUBE,https://www.youtube.com/@fouseyTUBE
GeorgeNotFound,https://www.youtube.com/@GeorgeNotFound
WIRED,https://www.youtube.com/@WIRED
Tanner Fox,https://www.youtube.com/@TannerFox
The Bee Family,https://www.youtube.com/@ehbeefamily
RomanAtwood,https://www.youtube.com/@romanatwoodvlogs
Nickelodeon,https://www.youtube.com/@Nickelodeon
Dr. Eric Berg DC,https://www.youtube.com/@DrEricBergDC
Watch Me,https://www.youtube.com/@WatchMeOff
Family Fun Pack,https://www.youtube.com/@familyfunpack
Squared Media,https://www.youtube.com/@SquaredMediaAnimations
Dolan Twins,https://www.youtube.com/@TheDolanTwins
RiceGum,https://www.youtube.com/@RiceGum
Mark Wiens,https://www.youtube.com/@MarkWiens